Name,Trial,AvgTestLoss,VarTestLoss,TrainLoss,VarTrainLoss
QExpF2.pt,20,0.4217989087104797,0.0013970039451914136,,
QExpF1.pt,20,0.4316717743873596,0.0023128884983939033,,
QExpFT2.pt,20,0.4464954304695129,0.0025419985673502824,,
QExpFSFT.pt,10,0.6100976037979124,0.0007492493664055697,,
QExpFT1.pt,20,0.4017080724239349,0.003674378064621629,,
