Name,Trial,AvgTestLoss,VarTestLoss,MinTestLoss,MaxTestLoss,SavedTrainLoss
QExpF1.pt,20,0.4332337737083435,0.0022388295339951306,0.3399776935577393,0.5048331260681153,0.2659387588500977
QExpFT1.pt,20,0.4121775674819947,0.007227054908418015,0.3003926515579224,0.5816198348999023,0.2503962814807892
QExpFSFT.pt,20,0.5391394877433777,0.0014800784840825767,0.4728770732879639,0.588289737701416,0.4494510293006897
QExpFSFT2.pt,20,0.41756788134574896,0.001665697559242874,0.3457217693328857,0.4848399639129639,0.27070048451423645
QExpFD.pt,20,0.416046279668808,0.00023929047785122037,0.3809423685073853,0.4532544136047363,0.3630198538303375
QExpFM.pt,20,0.5083247900009156,0.0009004515774932992,0.46268763542175295,0.5503607749938965,0.40735816955566406
