Name,Trial,AvgTestLoss,VarTestLoss,TrainLoss,VarTrainLoss
QExpF2.pt,10,0.4124215197563171,0.0012505595291251034,,
QExpF1.pt,10,0.42898642539978027,0.0029053116566484295,,
