Name,Trial,AvgTestLoss,VarTestLoss,MinTestLoss,MaxTestLoss,SavedTrainLoss
QExpF1.pt,20,0.4332337737083435,0.0022388295339951306,0.3399776935577393,0.5048331260681153,0.2659387588500977
QExpFT1.pt,20,0.4121775674819947,0.007227054908418015,0.3003926515579224,0.5816198348999023,0.2503962814807892
QExpFSFT.pt,20,0.5391394877433777,0.0014800784840825767,0.4728770732879639,0.588289737701416,0.4494510293006897
QExpFSFT2.pt,20,0.5563791298866272,0.0015449372054655382,0.48098931312561033,0.6227231025695801,0.40204209089279175
