Name,Trial,AvgTestLoss,VarTestLoss,TrainLoss,VarTrainLoss
QExpF2.pt,10,0.4124215197563171,0.0012505595291251036,,
QExpF1.pt,10,0.42898642539978027,0.002905311656648429,,
QExpFT2.pt,10,0.4037414979934692,0.000628566834365051,,
QExpFSFT.pt,10,0.6100976037979124,0.0007492493664055697,,
